path,label
/content/drive/MyDrive/Colab Notebooks/asd/angry5222.jpg,0
/content/drive/MyDrive/Colab Notebooks/asd/angry7347.jpg,0
/content/drive/MyDrive/Colab Notebooks/asd/neutral4295.jpg,2
/content/drive/MyDrive/Colab Notebooks/asd/angry7409.jpg,0
/content/drive/MyDrive/Colab Notebooks/asd/happy7334.jpg,1
/content/drive/MyDrive/Colab Notebooks/asd/neutral1448.jpg,2
/content/drive/MyDrive/Colab Notebooks/asd/neutral5148.jpg,2
/content/drive/MyDrive/Colab Notebooks/asd/neutral5612.jpg,2
/content/drive/MyDrive/Colab Notebooks/asd/sad3155.jpg,3
/content/drive/MyDrive/Colab Notebooks/asd/angry4302.jpg,0
/content/drive/MyDrive/Colab Notebooks/asd/sad7469.jpg,3
/content/drive/MyDrive/Colab Notebooks/asd/neutral986.jpg,2
/content/drive/MyDrive/Colab Notebooks/asd/happy5047.jpg,1
/content/drive/MyDrive/Colab Notebooks/asd/angry76.jpg,0
/content/drive/MyDrive/Colab Notebooks/asd/sad2288.jpg,3
/content/drive/MyDrive/Colab Notebooks/asd/angry933.jpg,0
/content/drive/MyDrive/Colab Notebooks/asd/neutral5410.jpg,2
/content/drive/MyDrive/Colab Notebooks/asd/angry5632.jpg,0
/content/drive/MyDrive/Colab Notebooks/asd/happy6412.jpg,1
/content/drive/MyDrive/Colab Notebooks/asd/sad4028.jpg,3
/content/drive/MyDrive/Colab Notebooks/asd/sad3948.jpg,3
/content/drive/MyDrive/Colab Notebooks/asd/neutral3883.jpg,2
/content/drive/MyDrive/Colab Notebooks/asd/sad6824.jpg,3
/content/drive/MyDrive/Colab Notebooks/asd/neutral3897.jpg,2
/content/drive/MyDrive/Colab Notebooks/asd/neutral3115.jpg,2
/content/drive/MyDrive/Colab Notebooks/asd/happy3581.jpg,1
/content/drive/MyDrive/Colab Notebooks/asd/sad5646.jpg,3
/content/drive/MyDrive/Colab Notebooks/asd/neutral2948.jpg,2
/content/drive/MyDrive/Colab Notebooks/asd/angry2363.jpg,0
/content/drive/MyDrive/Colab Notebooks/asd/sad2101.jpg,3
/content/drive/MyDrive/Colab Notebooks/asd/sad1385.jpg,3
/content/drive/MyDrive/Colab Notebooks/asd/neutral4444.jpg,2
/content/drive/MyDrive/Colab Notebooks/asd/angry4920.jpg,0
/content/drive/MyDrive/Colab Notebooks/asd/sad5848.jpg,3
/content/drive/MyDrive/Colab Notebooks/asd/sad1390.jpg,3
/content/drive/MyDrive/Colab Notebooks/asd/neutral6534.jpg,2
/content/drive/MyDrive/Colab Notebooks/asd/neutral7158.jpg,2
/content/drive/MyDrive/Colab Notebooks/asd/neutral1529.jpg,2
/content/drive/MyDrive/Colab Notebooks/asd/happy3027.jpg,1
/content/drive/MyDrive/Colab Notebooks/asd/angry5814.jpg,0
/content/drive/MyDrive/Colab Notebooks/asd/neutral7366.jpg,2
/content/drive/MyDrive/Colab Notebooks/asd/neutral2578.jpg,2
/content/drive/MyDrive/Colab Notebooks/asd/angry2835.jpg,0
/content/drive/MyDrive/Colab Notebooks/asd/angry852.jpg,0
/content/drive/MyDrive/Colab Notebooks/asd/happy1432.jpg,1
/content/drive/MyDrive/Colab Notebooks/asd/sad4773.jpg,3
/content/drive/MyDrive/Colab Notebooks/asd/angry2160.jpg,0
/content/drive/MyDrive/Colab Notebooks/asd/happy4576.jpg,1
/content/drive/MyDrive/Colab Notebooks/asd/happy4210.jpg,1
/content/drive/MyDrive/Colab Notebooks/asd/sad3020.jpg,3
/content/drive/MyDrive/Colab Notebooks/asd/happy6413.jpg,1
/content/drive/MyDrive/Colab Notebooks/asd/angry5633.jpg,0
/content/drive/MyDrive/Colab Notebooks/asd/happy444.jpg,1
/content/drive/MyDrive/Colab Notebooks/asd/sad4161.jpg,3
/content/drive/MyDrive/Colab Notebooks/asd/sad2504.jpg,3
/content/drive/MyDrive/Colab Notebooks/asd/neutral1850.jpg,2
/content/drive/MyDrive/Colab Notebooks/asd/angry2028.jpg,0
/content/drive/MyDrive/Colab Notebooks/asd/happy646.jpg,1
/content/drive/MyDrive/Colab Notebooks/asd/happy1787.jpg,1
/content/drive/MyDrive/Colab Notebooks/asd/happy1793.jpg,1
/content/drive/MyDrive/Colab Notebooks/asd/neutral2626.jpg,2
/content/drive/MyDrive/Colab Notebooks/asd/angry3691.jpg,0
/content/drive/MyDrive/Colab Notebooks/asd/sad4388.jpg,3
/content/drive/MyDrive/Colab Notebooks/asd/happy1977.jpg,1
/content/drive/MyDrive/Colab Notebooks/asd/neutral5808.jpg,2
/content/drive/MyDrive/Colab Notebooks/asd/angry4897.jpg,0
/content/drive/MyDrive/Colab Notebooks/asd/angry2558.jpg,0
/content/drive/MyDrive/Colab Notebooks/asd/sad3424.jpg,3
/content/drive/MyDrive/Colab Notebooks/asd/angry2228.jpg,0
/content/drive/MyDrive/Colab Notebooks/asd/angry1047.jpg,0
/content/drive/MyDrive/Colab Notebooks/asd/sad4361.jpg,3
/content/drive/MyDrive/Colab Notebooks/asd/sad5719.jpg,3
/content/drive/MyDrive/Colab Notebooks/asd/happy5246.jpg,1
/content/drive/MyDrive/Colab Notebooks/asd/sad6204.jpg,3
/content/drive/MyDrive/Colab Notebooks/asd/sad1580.jpg,3
/content/drive/MyDrive/Colab Notebooks/asd/happy3810.jpg,1
/content/drive/MyDrive/Colab Notebooks/asd/angry1906.jpg,0
/content/drive/MyDrive/Colab Notebooks/asd/neutral3089.jpg,2
/content/drive/MyDrive/Colab Notebooks/asd/happy3353.jpg,1
/content/drive/MyDrive/Colab Notebooks/asd/sad6760.jpg,3
/content/drive/MyDrive/Colab Notebooks/asd/angry1286.jpg,0
/content/drive/MyDrive/Colab Notebooks/asd/sad3817.jpg,3
/content/drive/MyDrive/Colab Notebooks/asd/angry7032.jpg,0
/content/drive/MyDrive/Colab Notebooks/asd/angry5625.jpg,0
/content/drive/MyDrive/Colab Notebooks/asd/neutral1098.jpg,2
/content/drive/MyDrive/Colab Notebooks/asd/happy7069.jpg,1
/content/drive/MyDrive/Colab Notebooks/asd/happy6377.jpg,1
/content/drive/MyDrive/Colab Notebooks/asd/happy4206.jpg,1
/content/drive/MyDrive/Colab Notebooks/asd/neutral6913.jpg,2
/content/drive/MyDrive/Colab Notebooks/asd/sad6199.jpg,3
/content/drive/MyDrive/Colab Notebooks/asd/sad5137.jpg,3
/content/drive/MyDrive/Colab Notebooks/asd/angry5341.jpg,0
/content/drive/MyDrive/Colab Notebooks/asd/angry4063.jpg,0
/content/drive/MyDrive/Colab Notebooks/asd/sad1392.jpg,3
/content/drive/MyDrive/Colab Notebooks/asd/neutral5981.jpg,2
/content/drive/MyDrive/Colab Notebooks/asd/neutral3314.jpg,2
/content/drive/MyDrive/Colab Notebooks/asd/happy6834.jpg,1
/content/drive/MyDrive/Colab Notebooks/asd/happy4788.jpg,1
/content/drive/MyDrive/Colab Notebooks/asd/happy5327.jpg,1
/content/drive/MyDrive/Colab Notebooks/asd/happy7256.jpg,1
/content/drive/MyDrive/Colab Notebooks/asd/neutral2976.jpg,2
/content/drive/MyDrive/Colab Notebooks/asd/angry2413.jpg,0
/content/drive/MyDrive/Colab Notebooks/asd/neutral364.jpg,2
/content/drive/MyDrive/Colab Notebooks/asd/neutral2786.jpg,2
/content/drive/MyDrive/Colab Notebooks/asd/angry5340.jpg,0
/content/drive/MyDrive/Colab Notebooks/asd/happy2306.jpg,1
/content/drive/MyDrive/Colab Notebooks/asd/happy3583.jpg,1
/content/drive/MyDrive/Colab Notebooks/asd/happy1394.jpg,1
/content/drive/MyDrive/Colab Notebooks/asd/angry5195.jpg,0
/content/drive/MyDrive/Colab Notebooks/asd/happy6438.jpg,1
/content/drive/MyDrive/Colab Notebooks/asd/happy296.jpg,1
/content/drive/MyDrive/Colab Notebooks/asd/angry104.jpg,0
/content/drive/MyDrive/Colab Notebooks/asd/angry3533.jpg,0
/content/drive/MyDrive/Colab Notebooks/asd/happy1586.jpg,1
/content/drive/MyDrive/Colab Notebooks/asd/angry60.jpg,0
/content/drive/MyDrive/Colab Notebooks/asd/angry1536.jpg,0
/content/drive/MyDrive/Colab Notebooks/asd/angry5036.jpg,0
/content/drive/MyDrive/Colab Notebooks/asd/angry2981.jpg,0
/content/drive/MyDrive/Colab Notebooks/asd/neutral2157.jpg,2
/content/drive/MyDrive/Colab Notebooks/asd/sad5081.jpg,3
/content/drive/MyDrive/Colab Notebooks/asd/sad3369.jpg,3
/content/drive/MyDrive/Colab Notebooks/asd/angry2205.jpg,0
/content/drive/MyDrive/Colab Notebooks/asd/happy3140.jpg,1
/content/drive/MyDrive/Colab Notebooks/asd/happy4149.jpg,1
/content/drive/MyDrive/Colab Notebooks/asd/angry7369.jpg,0
/content/drive/MyDrive/Colab Notebooks/asd/happy866.jpg,1
/content/drive/MyDrive/Colab Notebooks/asd/sad28.jpg,3
/content/drive/MyDrive/Colab Notebooks/asd/angry5230.jpg,0
/content/drive/MyDrive/Colab Notebooks/asd/happy3183.jpg,1
/content/drive/MyDrive/Colab Notebooks/asd/happy4834.jpg,1
/content/drive/MyDrive/Colab Notebooks/asd/happy133.jpg,1
/content/drive/MyDrive/Colab Notebooks/asd/sad6598.jpg,3
/content/drive/MyDrive/Colab Notebooks/asd/sad2926.jpg,3
/content/drive/MyDrive/Colab Notebooks/asd/neutral4913.jpg,2
/content/drive/MyDrive/Colab Notebooks/asd/angry712.jpg,0
/content/drive/MyDrive/Colab Notebooks/asd/sad6003.jpg,3
/content/drive/MyDrive/Colab Notebooks/asd/angry7143.jpg,0
/content/drive/MyDrive/Colab Notebooks/asd/sad774.jpg,3
/content/drive/MyDrive/Colab Notebooks/asd/happy2935.jpg,1
/content/drive/MyDrive/Colab Notebooks/asd/angry3480.jpg,0
/content/drive/MyDrive/Colab Notebooks/asd/neutral6123.jpg,2
/content/drive/MyDrive/Colab Notebooks/asd/sad1793.jpg,3
/content/drive/MyDrive/Colab Notebooks/asd/neutral4867.jpg,2
/content/drive/MyDrive/Colab Notebooks/asd/angry5146.jpg,0
/content/drive/MyDrive/Colab Notebooks/asd/happy6366.jpg,1
/content/drive/MyDrive/Colab Notebooks/asd/angry869.jpg,0
/content/drive/MyDrive/Colab Notebooks/asd/happy5479.jpg,1
/content/drive/MyDrive/Colab Notebooks/asd/angry6659.jpg,0
/content/drive/MyDrive/Colab Notebooks/asd/neutral2740.jpg,2
/content/drive/MyDrive/Colab Notebooks/asd/neutral2032.jpg,2
/content/drive/MyDrive/Colab Notebooks/asd/neutral2768.jpg,2
/content/drive/MyDrive/Colab Notebooks/asd/angry4073.jpg,0
/content/drive/MyDrive/Colab Notebooks/asd/angry465.jpg,0
/content/drive/MyDrive/Colab Notebooks/asd/angry6670.jpg,0
/content/drive/MyDrive/Colab Notebooks/asd/sad7297.jpg,3
/content/drive/MyDrive/Colab Notebooks/asd/neutral3890.jpg,2
/content/drive/MyDrive/Colab Notebooks/asd/neutral3648.jpg,2
/content/drive/MyDrive/Colab Notebooks/asd/sad832.jpg,3
/content/drive/MyDrive/Colab Notebooks/asd/neutral5588.jpg,2
/content/drive/MyDrive/Colab Notebooks/asd/angry1447.jpg,0
/content/drive/MyDrive/Colab Notebooks/asd/sad1619.jpg,3
/content/drive/MyDrive/Colab Notebooks/asd/angry920.jpg,0
/content/drive/MyDrive/Colab Notebooks/asd/neutral5359.jpg,2
/content/drive/MyDrive/Colab Notebooks/asd/happy1597.jpg,1
/content/drive/MyDrive/Colab Notebooks/asd/neutral3700.jpg,2
/content/drive/MyDrive/Colab Notebooks/asd/happy324.jpg,1
/content/drive/MyDrive/Colab Notebooks/asd/happy6561.jpg,1
/content/drive/MyDrive/Colab Notebooks/asd/angry1527.jpg,0
/content/drive/MyDrive/Colab Notebooks/asd/sad5251.jpg,3
/content/drive/MyDrive/Colab Notebooks/asd/sad7446.jpg,3
/content/drive/MyDrive/Colab Notebooks/asd/angry2774.jpg,0
/content/drive/MyDrive/Colab Notebooks/asd/happy481.jpg,1
/content/drive/MyDrive/Colab Notebooks/asd/happy4809.jpg,1
/content/drive/MyDrive/Colab Notebooks/asd/happy668.jpg,1
/content/drive/MyDrive/Colab Notebooks/asd/angry5580.jpg,0
/content/drive/MyDrive/Colab Notebooks/asd/sad5084.jpg,3
/content/drive/MyDrive/Colab Notebooks/asd/happy3182.jpg,1
/content/drive/MyDrive/Colab Notebooks/asd/neutral3270.jpg,2
/content/drive/MyDrive/Colab Notebooks/asd/sad563.jpg,3
/content/drive/MyDrive/Colab Notebooks/asd/angry6704.jpg,0
/content/drive/MyDrive/Colab Notebooks/asd/sad5737.jpg,3
/content/drive/MyDrive/Colab Notebooks/asd/neutral217.jpg,2
/content/drive/MyDrive/Colab Notebooks/asd/happy497.jpg,1
/content/drive/MyDrive/Colab Notebooks/asd/neutral1840.jpg,2
/content/drive/MyDrive/Colab Notebooks/asd/angry7197.jpg,0
/content/drive/MyDrive/Colab Notebooks/asd/happy3235.jpg,1
/content/drive/MyDrive/Colab Notebooks/asd/happy5650.jpg,1
/content/drive/MyDrive/Colab Notebooks/asd/neutral4858.jpg,2
/content/drive/MyDrive/Colab Notebooks/asd/angry5145.jpg,0
/content/drive/MyDrive/Colab Notebooks/asd/neutral5213.jpg,2
/content/drive/MyDrive/Colab Notebooks/asd/neutral5575.jpg,2
/content/drive/MyDrive/Colab Notebooks/asd/happy534.jpg,1
/content/drive/MyDrive/Colab Notebooks/asd/sad830.jpg,3
/content/drive/MyDrive/Colab Notebooks/asd/neutral7376.jpg,2
/content/drive/MyDrive/Colab Notebooks/asd/neutral3886.jpg,2
/content/drive/MyDrive/Colab Notebooks/asd/neutral2554.jpg,2
/content/drive/MyDrive/Colab Notebooks/asd/sad3959.jpg,3
/content/drive/MyDrive/Colab Notebooks/asd/angry4071.jpg,0
/content/drive/MyDrive/Colab Notebooks/asd/sad4575.jpg,3
/content/drive/MyDrive/Colab Notebooks/asd/happy6832.jpg,1
/content/drive/MyDrive/Colab Notebooks/asd/happy4943.jpg,1
/content/drive/MyDrive/Colab Notebooks/asd/neutral6518.jpg,2
/content/drive/MyDrive/Colab Notebooks/asd/sad398.jpg,3
/content/drive/MyDrive/Colab Notebooks/asd/angry1848.jpg,0
/content/drive/MyDrive/Colab Notebooks/asd/neutral4441.jpg,2
/content/drive/MyDrive/Colab Notebooks/asd/angry3093.jpg,0
/content/drive/MyDrive/Colab Notebooks/asd/angry3086.jpg,0
/content/drive/MyDrive/Colab Notebooks/asd/sad4548.jpg,3
/content/drive/MyDrive/Colab Notebooks/asd/angry1652.jpg,0
/content/drive/MyDrive/Colab Notebooks/asd/angry7223.jpg,0
/content/drive/MyDrive/Colab Notebooks/asd/sad366.jpg,3
/content/drive/MyDrive/Colab Notebooks/asd/angry5352.jpg,0
/content/drive/MyDrive/Colab Notebooks/asd/sad2663.jpg,3
/content/drive/MyDrive/Colab Notebooks/asd/sad6377.jpg,3
/content/drive/MyDrive/Colab Notebooks/asd/angry4716.jpg,0
/content/drive/MyDrive/Colab Notebooks/asd/sad3958.jpg,3
/content/drive/MyDrive/Colab Notebooks/asd/neutral3139.jpg,2
/content/drive/MyDrive/Colab Notebooks/asd/neutral5574.jpg,2
/content/drive/MyDrive/Colab Notebooks/asd/neutral1712.jpg,2
/content/drive/MyDrive/Colab Notebooks/asd/sad1632.jpg,3
/content/drive/MyDrive/Colab Notebooks/asd/happy4567.jpg,1
/content/drive/MyDrive/Colab Notebooks/asd/angry4528.jpg,0
/content/drive/MyDrive/Colab Notebooks/asd/angry7182.jpg,0
/content/drive/MyDrive/Colab Notebooks/asd/neutral6109.jpg,2
/content/drive/MyDrive/Colab Notebooks/asd/neutral5399.jpg,2
/content/drive/MyDrive/Colab Notebooks/asd/neutral6860.jpg,2
/content/drive/MyDrive/Colab Notebooks/asd/neutral4291.jpg,2
/content/drive/MyDrive/Colab Notebooks/asd/angry1732.jpg,0
/content/drive/MyDrive/Colab Notebooks/asd/angry7419.jpg,0
/content/drive/MyDrive/Colab Notebooks/asd/sad4372.jpg,3
/content/drive/MyDrive/Colab Notebooks/asd/angry6713.jpg,0
/content/drive/MyDrive/Colab Notebooks/asd/happy1068.jpg,1
/content/drive/MyDrive/Colab Notebooks/asd/sad2994.jpg,3
/content/drive/MyDrive/Colab Notebooks/asd/neutral4590.jpg,2
/content/drive/MyDrive/Colab Notebooks/asd/angry2512.jpg,0
/content/drive/MyDrive/Colab Notebooks/asd/happy195.jpg,1
/content/drive/MyDrive/Colab Notebooks/asd/sad2016.jpg,3
/content/drive/MyDrive/Colab Notebooks/asd/neutral2678.jpg,2
/content/drive/MyDrive/Colab Notebooks/asd/happy624.jpg,1
/content/drive/MyDrive/Colab Notebooks/asd/angry763.jpg,0
/content/drive/MyDrive/Colab Notebooks/asd/neutral2452.jpg,2
/content/drive/MyDrive/Colab Notebooks/asd/neutral3016.jpg,2
/content/drive/MyDrive/Colab Notebooks/asd/sad922.jpg,3
/content/drive/MyDrive/Colab Notebooks/asd/sad3730.jpg,3
/content/drive/MyDrive/Colab Notebooks/asd/sad1127.jpg,3
/content/drive/MyDrive/Colab Notebooks/asd/sad5355.jpg,3
/content/drive/MyDrive/Colab Notebooks/asd/sad6674.jpg,3
/content/drive/MyDrive/Colab Notebooks/asd/happy4528.jpg,1
/content/drive/MyDrive/Colab Notebooks/asd/sad6660.jpg,3
/content/drive/MyDrive/Colab Notebooks/asd/neutral6998.jpg,2
/content/drive/MyDrive/Colab Notebooks/asd/angry824.jpg,0
/content/drive/MyDrive/Colab Notebooks/asd/happy220.jpg,1
/content/drive/MyDrive/Colab Notebooks/asd/neutral3162.jpg,2
/content/drive/MyDrive/Colab Notebooks/asd/happy552.jpg,1
/content/drive/MyDrive/Colab Notebooks/asd/sad3903.jpg,3
/content/drive/MyDrive/Colab Notebooks/asd/happy6101.jpg,1
/content/drive/MyDrive/Colab Notebooks/asd/happy977.jpg,1
/content/drive/MyDrive/Colab Notebooks/asd/happy1108.jpg,1
/content/drive/MyDrive/Colab Notebooks/asd/angry4981.jpg,0
/content/drive/MyDrive/Colab Notebooks/asd/sad3268.jpg,3
/content/drive/MyDrive/Colab Notebooks/asd/happy3051.jpg,1
/content/drive/MyDrive/Colab Notebooks/asd/happy5420.jpg,1
/content/drive/MyDrive/Colab Notebooks/asd/happy7237.jpg,1
/content/drive/MyDrive/Colab Notebooks/asd/sad4513.jpg,3
/content/drive/MyDrive/Colab Notebooks/asd/happy6883.jpg,1
/content/drive/MyDrive/Colab Notebooks/asd/neutral4427.jpg,2
/content/drive/MyDrive/Colab Notebooks/asd/neutral2725.jpg,2
/content/drive/MyDrive/Colab Notebooks/asd/happy1135.jpg,1
/content/drive/MyDrive/Colab Notebooks/asd/happy3722.jpg,1
/content/drive/MyDrive/Colab Notebooks/asd/sad3255.jpg,3
/content/drive/MyDrive/Colab Notebooks/asd/neutral1589.jpg,2
/content/drive/MyDrive/Colab Notebooks/asd/neutral1006.jpg,2
/content/drive/MyDrive/Colab Notebooks/asd/sad1683.jpg,3
/content/drive/MyDrive/Colab Notebooks/asd/sad4710.jpg,3
/content/drive/MyDrive/Colab Notebooks/asd/angry2665.jpg,0
/content/drive/MyDrive/Colab Notebooks/asd/neutral106.jpg,2
/content/drive/MyDrive/Colab Notebooks/asd/sad3862.jpg,3
/content/drive/MyDrive/Colab Notebooks/asd/neutral4750.jpg,2
/content/drive/MyDrive/Colab Notebooks/asd/angry992.jpg,0
/content/drive/MyDrive/Colab Notebooks/asd/angry986.jpg,0
/content/drive/MyDrive/Colab Notebooks/asd/happy143.jpg,1
/content/drive/MyDrive/Colab Notebooks/asd/sad7184.jpg,3
/content/drive/MyDrive/Colab Notebooks/asd/angry4176.jpg,0
/content/drive/MyDrive/Colab Notebooks/asd/sad1278.jpg,3
/content/drive/MyDrive/Colab Notebooks/asd/sad6517.jpg,3
/content/drive/MyDrive/Colab Notebooks/asd/sad1244.jpg,3
/content/drive/MyDrive/Colab Notebooks/asd/neutral3598.jpg,2
/content/drive/MyDrive/Colab Notebooks/asd/neutral6386.jpg,2
/content/drive/MyDrive/Colab Notebooks/asd/neutral266.jpg,2
/content/drive/MyDrive/Colab Notebooks/asd/angry3155.jpg,0
/content/drive/MyDrive/Colab Notebooks/asd/angry3828.jpg,0
/content/drive/MyDrive/Colab Notebooks/asd/sad1291.jpg,3
/content/drive/MyDrive/Colab Notebooks/asd/happy1080.jpg,1
/content/drive/MyDrive/Colab Notebooks/asd/happy6089.jpg,1
/content/drive/MyDrive/Colab Notebooks/asd/neutral1366.jpg,2
/content/drive/MyDrive/Colab Notebooks/asd/neutral2486.jpg,2
/content/drive/MyDrive/Colab Notebooks/asd/happy4463.jpg,1
/content/drive/MyDrive/Colab Notebooks/asd/neutral6186.jpg,2
/content/drive/MyDrive/Colab Notebooks/asd/happy1527.jpg,1
/content/drive/MyDrive/Colab Notebooks/asd/angry4404.jpg,0
/content/drive/MyDrive/Colab Notebooks/asd/happy38.jpg,1
/content/drive/MyDrive/Colab Notebooks/asd/sad4869.jpg,3
/content/drive/MyDrive/Colab Notebooks/asd/happy4265.jpg,1
/content/drive/MyDrive/Colab Notebooks/asd/angry1352.jpg,0
/content/drive/MyDrive/Colab Notebooks/asd/angry2673.jpg,0
/content/drive/MyDrive/Colab Notebooks/asd/sad6105.jpg,3
/content/drive/MyDrive/Colab Notebooks/asd/angry4564.jpg,0
/content/drive/MyDrive/Colab Notebooks/asd/angry1391.jpg,0
/content/drive/MyDrive/Colab Notebooks/asd/sad3900.jpg,3
/content/drive/MyDrive/Colab Notebooks/asd/happy1484.jpg,1
/content/drive/MyDrive/Colab Notebooks/asd/neutral6596.jpg,2
/content/drive/MyDrive/Colab Notebooks/asd/angry358.jpg,0
/content/drive/MyDrive/Colab Notebooks/asd/sad4538.jpg,3
/content/drive/MyDrive/Colab Notebooks/asd/happy5351.jpg,1
/content/drive/MyDrive/Colab Notebooks/asd/angry4014.jpg,0
/content/drive/MyDrive/Colab Notebooks/asd/angry2465.jpg,0
/content/drive/MyDrive/Colab Notebooks/asd/happy3907.jpg,1
/content/drive/MyDrive/Colab Notebooks/asd/angry4955.jpg,0
/content/drive/MyDrive/Colab Notebooks/asd/neutral1574.jpg,2
/content/drive/MyDrive/Colab Notebooks/asd/angry3961.jpg,0
/content/drive/MyDrive/Colab Notebooks/asd/angry1810.jpg,0
/content/drive/MyDrive/Colab Notebooks/asd/sad3295.jpg,3
/content/drive/MyDrive/Colab Notebooks/asd/neutral4343.jpg,2
/content/drive/MyDrive/Colab Notebooks/asd/sad4263.jpg,3
/content/drive/MyDrive/Colab Notebooks/asd/angry2316.jpg,0
/content/drive/MyDrive/Colab Notebooks/asd/happy3709.jpg,1
/content/drive/MyDrive/Colab Notebooks/asd/happy6665.jpg,1
/content/drive/MyDrive/Colab Notebooks/asd/neutral5920.jpg,2
/content/drive/MyDrive/Colab Notebooks/asd/happy3292.jpg,1
/content/drive/MyDrive/Colab Notebooks/asd/happy2826.jpg,1
/content/drive/MyDrive/Colab Notebooks/asd/angry3550.jpg,0
/content/drive/MyDrive/Colab Notebooks/asd/happy5608.jpg,1
/content/drive/MyDrive/Colab Notebooks/asd/happy3480.jpg,1
/content/drive/MyDrive/Colab Notebooks/asd/neutral4009.jpg,2
/content/drive/MyDrive/Colab Notebooks/asd/neutral6178.jpg,2
/content/drive/MyDrive/Colab Notebooks/asd/angry952.jpg,0
/content/drive/MyDrive/Colab Notebooks/asd/sad5579.jpg,3
/content/drive/MyDrive/Colab Notebooks/asd/happy4462.jpg,1
/content/drive/MyDrive/Colab Notebooks/asd/angry1233.jpg,0
/content/drive/MyDrive/Colab Notebooks/asd/neutral7299.jpg,2
/content/drive/MyDrive/Colab Notebooks/asd/sad5974.jpg,3
/content/drive/MyDrive/Colab Notebooks/asd/neutral5673.jpg,2
/content/drive/MyDrive/Colab Notebooks/asd/sad6299.jpg,3
/content/drive/MyDrive/Colab Notebooks/asd/neutral5883.jpg,2
/content/drive/MyDrive/Colab Notebooks/asd/happy4890.jpg,1
/content/drive/MyDrive/Colab Notebooks/asd/angry4607.jpg,0
/content/drive/MyDrive/Colab Notebooks/asd/sad3444.jpg,3
/content/drive/MyDrive/Colab Notebooks/asd/sad3336.jpg,3
/content/drive/MyDrive/Colab Notebooks/asd/angry6000.jpg,0
/content/drive/MyDrive/Colab Notebooks/asd/sad2762.jpg,3
/content/drive/MyDrive/Colab Notebooks/asd/happy3123.jpg,1
/content/drive/MyDrive/Colab Notebooks/asd/neutral5850.jpg,2
/content/drive/MyDrive/Colab Notebooks/asd/neutral2695.jpg,2
/content/drive/MyDrive/Colab Notebooks/asd/angry3636.jpg,0
/content/drive/MyDrive/Colab Notebooks/asd/neutral1377.jpg,2
/content/drive/MyDrive/Colab Notebooks/asd/neutral2118.jpg,2
/content/drive/MyDrive/Colab Notebooks/asd/sad5794.jpg,3
/content/drive/MyDrive/Colab Notebooks/asd/sad3483.jpg,3
/content/drive/MyDrive/Colab Notebooks/asd/sad1733.jpg,3
/content/drive/MyDrive/Colab Notebooks/asd/angry2925.jpg,0
/content/drive/MyDrive/Colab Notebooks/asd/sad6666.jpg,3
/content/drive/MyDrive/Colab Notebooks/asd/neutral115.jpg,2
/content/drive/MyDrive/Colab Notebooks/asd/neutral854.jpg,2
/content/drive/MyDrive/Colab Notebooks/asd/neutral3602.jpg,2
/content/drive/MyDrive/Colab Notebooks/asd/neutral1773.jpg,2
/content/drive/MyDrive/Colab Notebooks/asd/happy5817.jpg,1
/content/drive/MyDrive/Colab Notebooks/asd/happy1668.jpg,1
/content/drive/MyDrive/Colab Notebooks/asd/angry1141.jpg,0
/content/drive/MyDrive/Colab Notebooks/asd/sad5623.jpg,3
/content/drive/MyDrive/Colab Notebooks/asd/angry7242.jpg,0
/content/drive/MyDrive/Colab Notebooks/asd/sad1445.jpg,3
/content/drive/MyDrive/Colab Notebooks/asd/happy756.jpg,1
/content/drive/MyDrive/Colab Notebooks/asd/neutral4421.jpg,2
/content/drive/MyDrive/Colab Notebooks/asd/sad4298.jpg,3
/content/drive/MyDrive/Colab Notebooks/asd/neutral2045.jpg,2
/content/drive/MyDrive/Colab Notebooks/asd/neutral4352.jpg,2
/content/drive/MyDrive/Colab Notebooks/asd/angry6820.jpg,0
/content/drive/MyDrive/Colab Notebooks/asd/angry3794.jpg,0
/content/drive/MyDrive/Colab Notebooks/asd/happy1872.jpg,1
/content/drive/MyDrive/Colab Notebooks/asd/angry3970.jpg,0
/content/drive/MyDrive/Colab Notebooks/asd/neutral4385.jpg,2
/content/drive/MyDrive/Colab Notebooks/asd/angry2307.jpg,0
/content/drive/MyDrive/Colab Notebooks/asd/neutral6021.jpg,2
/content/drive/MyDrive/Colab Notebooks/asd/sad3092.jpg,3
/content/drive/MyDrive/Colab Notebooks/asd/happy227.jpg,1
/content/drive/MyDrive/Colab Notebooks/asd/neutral699.jpg,2
/content/drive/MyDrive/Colab Notebooks/asd/happy6489.jpg,1
/content/drive/MyDrive/Colab Notebooks/asd/neutral3165.jpg,2
/content/drive/MyDrive/Colab Notebooks/asd/happy1457.jpg,1
/content/drive/MyDrive/Colab Notebooks/asd/neutral6974.jpg,2
/content/drive/MyDrive/Colab Notebooks/asd/neutral5448.jpg,2
/content/drive/MyDrive/Colab Notebooks/asd/sad1901.jpg,3
/content/drive/MyDrive/Colab Notebooks/asd/neutral921.jpg,2
/content/drive/MyDrive/Colab Notebooks/asd/neutral1174.jpg,2
/content/drive/MyDrive/Colab Notebooks/asd/sad4138.jpg,3
/content/drive/MyDrive/Colab Notebooks/asd/angry2717.jpg,0
/content/drive/MyDrive/Colab Notebooks/asd/neutral1438.jpg,2
/content/drive/MyDrive/Colab Notebooks/asd/angry4825.jpg,0
/content/drive/MyDrive/Colab Notebooks/asd/sad3482.jpg,3
/content/drive/MyDrive/Colab Notebooks/asd/angry1961.jpg,0
/content/drive/MyDrive/Colab Notebooks/asd/sad5030.jpg,3
/content/drive/MyDrive/Colab Notebooks/asd/sad4306.jpg,3
/content/drive/MyDrive/Colab Notebooks/asd/angry572.jpg,0
/content/drive/MyDrive/Colab Notebooks/asd/sad4460.jpg,3
/content/drive/MyDrive/Colab Notebooks/asd/sad4476.jpg,3
/content/drive/MyDrive/Colab Notebooks/asd/angry6003.jpg,0
/content/drive/MyDrive/Colab Notebooks/asd/sad6249.jpg,3
/content/drive/MyDrive/Colab Notebooks/asd/happy8.jpg,1
/content/drive/MyDrive/Colab Notebooks/asd/neutral7077.jpg,2
/content/drive/MyDrive/Colab Notebooks/asd/neutral3211.jpg,2
/content/drive/MyDrive/Colab Notebooks/asd/sad1297.jpg,3
/content/drive/MyDrive/Colab Notebooks/asd/happy1247.jpg,1
/content/drive/MyDrive/Colab Notebooks/asd/angry5052.jpg,0
/content/drive/MyDrive/Colab Notebooks/asd/sad4884.jpg,3
/content/drive/MyDrive/Colab Notebooks/asd/neutral3761.jpg,2
/content/drive/MyDrive/Colab Notebooks/asd/neutral6619.jpg,2
/content/drive/MyDrive/Colab Notebooks/asd/neutral7249.jpg,2
/content/drive/MyDrive/Colab Notebooks/asd/angry1585.jpg,0
/content/drive/MyDrive/Colab Notebooks/asd/sad4072.jpg,3
/content/drive/MyDrive/Colab Notebooks/asd/angry7043.jpg,0
/content/drive/MyDrive/Colab Notebooks/asd/angry7057.jpg,0
/content/drive/MyDrive/Colab Notebooks/asd/neutral7315.jpg,2
/content/drive/MyDrive/Colab Notebooks/asd/neutral3173.jpg,2
/content/drive/MyDrive/Colab Notebooks/asd/neutral4634.jpg,2
/content/drive/MyDrive/Colab Notebooks/asd/angry3741.jpg,0
/content/drive/MyDrive/Colab Notebooks/asd/happy4707.jpg,1
/content/drive/MyDrive/Colab Notebooks/asd/sad5185.jpg,3
/content/drive/MyDrive/Colab Notebooks/asd/angry3797.jpg,0
/content/drive/MyDrive/Colab Notebooks/asd/angry2489.jpg,0
/content/drive/MyDrive/Colab Notebooks/asd/sad6499.jpg,3
/content/drive/MyDrive/Colab Notebooks/asd/neutral6546.jpg,2
/content/drive/MyDrive/Colab Notebooks/asd/angry5494.jpg,0
/content/drive/MyDrive/Colab Notebooks/asd/sad1484.jpg,3
/content/drive/MyDrive/Colab Notebooks/asd/sad5153.jpg,3
/content/drive/MyDrive/Colab Notebooks/asd/happy5430.jpg,1
/content/drive/MyDrive/Colab Notebooks/asd/neutral6022.jpg,2
/content/drive/MyDrive/Colab Notebooks/asd/neutral3172.jpg,2
/content/drive/MyDrive/Colab Notebooks/asd/neutral2278.jpg,2
/content/drive/MyDrive/Colab Notebooks/asd/angry3230.jpg,0
/content/drive/MyDrive/Colab Notebooks/asd/sad1679.jpg,3
/content/drive/MyDrive/Colab Notebooks/asd/happy7192.jpg,1
/content/drive/MyDrive/Colab Notebooks/asd/happy6273.jpg,1
/content/drive/MyDrive/Colab Notebooks/asd/sad7354.jpg,3
/content/drive/MyDrive/Colab Notebooks/asd/happy3479.jpg,1
/content/drive/MyDrive/Colab Notebooks/asd/neutral1822.jpg,2
/content/drive/MyDrive/Colab Notebooks/asd/happy1520.jpg,1
/content/drive/MyDrive/Colab Notebooks/asd/sad1719.jpg,3
/content/drive/MyDrive/Colab Notebooks/asd/happy5752.jpg,1
/content/drive/MyDrive/Colab Notebooks/asd/neutral7062.jpg,2
/content/drive/MyDrive/Colab Notebooks/asd/neutral261.jpg,2
/content/drive/MyDrive/Colab Notebooks/asd/angry2258.jpg,0
/content/drive/MyDrive/Colab Notebooks/asd/angry4629.jpg,0
/content/drive/MyDrive/Colab Notebooks/asd/angry6758.jpg,0
/content/drive/MyDrive/Colab Notebooks/asd/sad1255.jpg,3
/content/drive/MyDrive/Colab Notebooks/asd/neutral5846.jpg,2
/content/drive/MyDrive/Colab Notebooks/asd/sad3324.jpg,3
/content/drive/MyDrive/Colab Notebooks/asd/sad75.jpg,3
/content/drive/MyDrive/Colab Notebooks/asd/happy4896.jpg,1
/content/drive/MyDrive/Colab Notebooks/asd/angry568.jpg,0
/content/drive/MyDrive/Colab Notebooks/asd/angry226.jpg,0
/content/drive/MyDrive/Colab Notebooks/asd/neutral87.jpg,2
/content/drive/MyDrive/Colab Notebooks/asd/neutral6365.jpg,2
/content/drive/MyDrive/Colab Notebooks/asd/happy3689.jpg,1
/content/drive/MyDrive/Colab Notebooks/asd/sad7198.jpg,3
/content/drive/MyDrive/Colab Notebooks/asd/happy2742.jpg,1
/content/drive/MyDrive/Colab Notebooks/asd/angry7107.jpg,0
/content/drive/MyDrive/Colab Notebooks/asd/happy1263.jpg,1
/content/drive/MyDrive/Colab Notebooks/asd/happy32.jpg,1
/content/drive/MyDrive/Colab Notebooks/asd/neutral2329.jpg,2
/content/drive/MyDrive/Colab Notebooks/asd/sad3077.jpg,3
/content/drive/MyDrive/Colab Notebooks/asd/angry7067.jpg,0
/content/drive/MyDrive/Colab Notebooks/asd/sad7211.jpg,3
/content/drive/MyDrive/Colab Notebooks/asd/sad4042.jpg,3
/content/drive/MyDrive/Colab Notebooks/asd/happy1317.jpg,1
/content/drive/MyDrive/Colab Notebooks/asd/neutral697.jpg,2
/content/drive/MyDrive/Colab Notebooks/asd/angry193.jpg,0
/content/drive/MyDrive/Colab Notebooks/asd/happy5818.jpg,1
/content/drive/MyDrive/Colab Notebooks/asd/sad4095.jpg,3
/content/drive/MyDrive/Colab Notebooks/asd/sad5162.jpg,3
/content/drive/MyDrive/Colab Notebooks/asd/happy1883.jpg,1
/content/drive/MyDrive/Colab Notebooks/asd/happy2385.jpg,1
/content/drive/MyDrive/Colab Notebooks/asd/neutral1557.jpg,2
/content/drive/MyDrive/Colab Notebooks/asd/neutral6210.jpg,2
/content/drive/MyDrive/Colab Notebooks/asd/happy7203.jpg,1
/content/drive/MyDrive/Colab Notebooks/asd/angry2446.jpg,0
/content/drive/MyDrive/Colab Notebooks/asd/sad7012.jpg,3
/content/drive/MyDrive/Colab Notebooks/asd/neutral1755.jpg,2
/content/drive/MyDrive/Colab Notebooks/asd/happy2192.jpg,1
/content/drive/MyDrive/Colab Notebooks/asd/sad6126.jpg,3
/content/drive/MyDrive/Colab Notebooks/asd/happy5616.jpg,1
/content/drive/MyDrive/Colab Notebooks/asd/angry2122.jpg,0
/content/drive/MyDrive/Colab Notebooks/asd/neutral4836.jpg,2
/content/drive/MyDrive/Colab Notebooks/asd/sad6132.jpg,3
/content/drive/MyDrive/Colab Notebooks/asd/sad5375.jpg,3
/content/drive/MyDrive/Colab Notebooks/asd/angry5117.jpg,0
/content/drive/MyDrive/Colab Notebooks/asd/happy6451.jpg,1
/content/drive/MyDrive/Colab Notebooks/asd/neutral4995.jpg,2
/content/drive/MyDrive/Colab Notebooks/asd/angry6224.jpg,0
/content/drive/MyDrive/Colab Notebooks/asd/sad2234.jpg,3
/content/drive/MyDrive/Colab Notebooks/asd/angry6542.jpg,0
/content/drive/MyDrive/Colab Notebooks/asd/sad3658.jpg,3
/content/drive/MyDrive/Colab Notebooks/asd/neutral45.jpg,2
/content/drive/MyDrive/Colab Notebooks/asd/sad4490.jpg,3
/content/drive/MyDrive/Colab Notebooks/asd/happy7377.jpg,1
/content/drive/MyDrive/Colab Notebooks/asd/angry5249.jpg,0
/content/drive/MyDrive/Colab Notebooks/asd/angry2526.jpg,0
/content/drive/MyDrive/Colab Notebooks/asd/angry1985.jpg,0
/content/drive/MyDrive/Colab Notebooks/asd/neutral2857.jpg,2
/content/drive/MyDrive/Colab Notebooks/asd/happy4124.jpg,1
/content/drive/MyDrive/Colab Notebooks/asd/happy2225.jpg,1
/content/drive/MyDrive/Colab Notebooks/asd/sad1515.jpg,3
/content/drive/MyDrive/Colab Notebooks/asd/neutral84.jpg,2
/content/drive/MyDrive/Colab Notebooks/asd/neutral1384.jpg,2
/content/drive/MyDrive/Colab Notebooks/asd/sad84.jpg,3
/content/drive/MyDrive/Colab Notebooks/asd/sad4492.jpg,3
/content/drive/MyDrive/Colab Notebooks/asd/angry1561.jpg,0
/content/drive/MyDrive/Colab Notebooks/asd/sad1071.jpg,3
/content/drive/MyDrive/Colab Notebooks/asd/neutral4954.jpg,2
/content/drive/MyDrive/Colab Notebooks/asd/neutral5486.jpg,2
/content/drive/MyDrive/Colab Notebooks/asd/happy3488.jpg,1
/content/drive/MyDrive/Colab Notebooks/asd/angry972.jpg,0
/content/drive/MyDrive/Colab Notebooks/asd/angry966.jpg,0
/content/drive/MyDrive/Colab Notebooks/asd/neutral1637.jpg,2
/content/drive/MyDrive/Colab Notebooks/asd/sad4690.jpg,3
/content/drive/MyDrive/Colab Notebooks/asd/angry4380.jpg,0
/content/drive/MyDrive/Colab Notebooks/asd/happy4536.jpg,1
/content/drive/MyDrive/Colab Notebooks/asd/angry5667.jpg,0
/content/drive/MyDrive/Colab Notebooks/asd/happy5600.jpg,1
/content/drive/MyDrive/Colab Notebooks/asd/sad6656.jpg,3
/content/drive/MyDrive/Colab Notebooks/asd/sad1878.jpg,3
/content/drive/MyDrive/Colab Notebooks/asd/sad6859.jpg,3
/content/drive/MyDrive/Colab Notebooks/asd/angry6391.jpg,0
/content/drive/MyDrive/Colab Notebooks/asd/neutral6038.jpg,2
/content/drive/MyDrive/Colab Notebooks/asd/neutral5531.jpg,2
/content/drive/MyDrive/Colab Notebooks/asd/sad1313.jpg,3
/content/drive/MyDrive/Colab Notebooks/asd/sad337.jpg,3
/content/drive/MyDrive/Colab Notebooks/asd/angry6178.jpg,0
/content/drive/MyDrive/Colab Notebooks/asd/sad1449.jpg,3
/content/drive/MyDrive/Colab Notebooks/asd/sad5149.jpg,3
/content/drive/MyDrive/Colab Notebooks/asd/angry2444.jpg,0
/content/drive/MyDrive/Colab Notebooks/asd/neutral482.jpg,2
/content/drive/MyDrive/Colab Notebooks/asd/happy2392.jpg,1
/content/drive/MyDrive/Colab Notebooks/asd/neutral5041.jpg,2
/content/drive/MyDrive/Colab Notebooks/asd/angry2492.jpg,0
/content/drive/MyDrive/Colab Notebooks/asd/neutral3419.jpg,2
/content/drive/MyDrive/Colab Notebooks/asd/neutral2707.jpg,2
/content/drive/MyDrive/Colab Notebooks/asd/happy3072.jpg,1
/content/drive/MyDrive/Colab Notebooks/asd/neutral5097.jpg,2
/content/drive/MyDrive/Colab Notebooks/asd/happy5417.jpg,1
/content/drive/MyDrive/Colab Notebooks/asd/angry2451.jpg,0
/content/drive/MyDrive/Colab Notebooks/asd/neutral865.jpg,2
/content/drive/MyDrive/Colab Notebooks/asd/sad5389.jpg,3
/content/drive/MyDrive/Colab Notebooks/asd/angry2690.jpg,0
/content/drive/MyDrive/Colab Notebooks/asd/neutral4606.jpg,2
/content/drive/MyDrive/Colab Notebooks/asd/neutral5518.jpg,2
/content/drive/MyDrive/Colab Notebooks/asd/happy4279.jpg,1
/content/drive/MyDrive/Colab Notebooks/asd/sad6131.jpg,3
/content/drive/MyDrive/Colab Notebooks/asd/angry6421.jpg,0
/content/drive/MyDrive/Colab Notebooks/asd/neutral6978.jpg,2
/content/drive/MyDrive/Colab Notebooks/asd/sad3707.jpg,3
/content/drive/MyDrive/Colab Notebooks/asd/happy5629.jpg,1
/content/drive/MyDrive/Colab Notebooks/asd/neutral3035.jpg,2
/content/drive/MyDrive/Colab Notebooks/asd/sad2586.jpg,3
/content/drive/MyDrive/Colab Notebooks/asd/neutral6159.jpg,2
/content/drive/MyDrive/Colab Notebooks/asd/happy6283.jpg,1
/content/drive/MyDrive/Colab Notebooks/asd/neutral4772.jpg,2
/content/drive/MyDrive/Colab Notebooks/asd/neutral4941.jpg,2
/content/drive/MyDrive/Colab Notebooks/asd/happy1261.jpg,1
/content/drive/MyDrive/Colab Notebooks/asd/neutral6818.jpg,2
/content/drive/MyDrive/Colab Notebooks/asd/angry3405.jpg,0
/content/drive/MyDrive/Colab Notebooks/asd/angry3834.jpg,0
/content/drive/MyDrive/Colab Notebooks/asd/neutral6373.jpg,2
/content/drive/MyDrive/Colab Notebooks/asd/happy3847.jpg,1
/content/drive/MyDrive/Colab Notebooks/asd/neutral1408.jpg,2
/content/drive/MyDrive/Colab Notebooks/asd/happy1922.jpg,1
/content/drive/MyDrive/Colab Notebooks/asd/happy6095.jpg,1
/content/drive/MyDrive/Colab Notebooks/asd/angry2257.jpg,0
/content/drive/MyDrive/Colab Notebooks/asd/neutral2868.jpg,2
/content/drive/MyDrive/Colab Notebooks/asd/neutral5861.jpg,2
/content/drive/MyDrive/Colab Notebooks/asd/angry5510.jpg,0
/content/drive/MyDrive/Colab Notebooks/asd/happy4127.jpg,1
/content/drive/MyDrive/Colab Notebooks/asd/happy3116.jpg,1
/content/drive/MyDrive/Colab Notebooks/asd/happy6734.jpg,1
/content/drive/MyDrive/Colab Notebooks/asd/sad534.jpg,3
/content/drive/MyDrive/Colab Notebooks/asd/sad3461.jpg,3
/content/drive/MyDrive/Colab Notebooks/asd/angry4193.jpg,0
/content/drive/MyDrive/Colab Notebooks/asd/sad4642.jpg,3
/content/drive/MyDrive/Colab Notebooks/asd/angry4434.jpg,0
/content/drive/MyDrive/Colab Notebooks/asd/angry6545.jpg,0
/content/drive/MyDrive/Colab Notebooks/asd/happy7172.jpg,1
/content/drive/MyDrive/Colab Notebooks/asd/angry6237.jpg,0
/content/drive/MyDrive/Colab Notebooks/asd/angry5716.jpg,0
/content/drive/MyDrive/Colab Notebooks/asd/angry3398.jpg,0
/content/drive/MyDrive/Colab Notebooks/asd/sad3850.jpg,3
/content/drive/MyDrive/Colab Notebooks/asd/neutral5326.jpg,2
/content/drive/MyDrive/Colab Notebooks/asd/sad4695.jpg,3
/content/drive/MyDrive/Colab Notebooks/asd/angry32.jpg,0
/content/drive/MyDrive/Colab Notebooks/asd/neutral1785.jpg,2
/content/drive/MyDrive/Colab Notebooks/asd/angry2657.jpg,0
/content/drive/MyDrive/Colab Notebooks/asd/angry6394.jpg,0
/content/drive/MyDrive/Colab Notebooks/asd/angry5845.jpg,0
/content/drive/MyDrive/Colab Notebooks/asd/happy2803.jpg,1
/content/drive/MyDrive/Colab Notebooks/asd/sad1699.jpg,3
/content/drive/MyDrive/Colab Notebooks/asd/happy5413.jpg,1
/content/drive/MyDrive/Colab Notebooks/asd/sad2151.jpg,3
/content/drive/MyDrive/Colab Notebooks/asd/happy3710.jpg,1
/content/drive/MyDrive/Colab Notebooks/asd/sad3529.jpg,3
/content/drive/MyDrive/Colab Notebooks/asd/sad2637.jpg,3
/content/drive/MyDrive/Colab Notebooks/asd/happy5349.jpg,1
/content/drive/MyDrive/Colab Notebooks/asd/neutral493.jpg,2
/content/drive/MyDrive/Colab Notebooks/asd/happy3088.jpg,1
/content/drive/MyDrive/Colab Notebooks/asd/neutral2070.jpg,2
/content/drive/MyDrive/Colab Notebooks/asd/angry3776.jpg,0
/content/drive/MyDrive/Colab Notebooks/asd/neutral479.jpg,2
/content/drive/MyDrive/Colab Notebooks/asd/happy2369.jpg,1
/content/drive/MyDrive/Colab Notebooks/asd/neutral4398.jpg,2
/content/drive/MyDrive/Colab Notebooks/asd/neutral4603.jpg,2
/content/drive/MyDrive/Colab Notebooks/asd/neutral3.jpg,2
/content/drive/MyDrive/Colab Notebooks/asd/sad4910.jpg,3
/content/drive/MyDrive/Colab Notebooks/asd/angry180.jpg,0
/content/drive/MyDrive/Colab Notebooks/asd/angry5105.jpg,0
/content/drive/MyDrive/Colab Notebooks/asd/sad1883.jpg,3
/content/drive/MyDrive/Colab Notebooks/asd/happy7007.jpg,1
/content/drive/MyDrive/Colab Notebooks/asd/angry6593.jpg,0
/content/drive/MyDrive/Colab Notebooks/asd/sad910.jpg,3
/content/drive/MyDrive/Colab Notebooks/asd/sad6929.jpg,3
/content/drive/MyDrive/Colab Notebooks/asd/sad3689.jpg,3
/content/drive/MyDrive/Colab Notebooks/asd/happy5994.jpg,1
/content/drive/MyDrive/Colab Notebooks/asd/neutral3965.jpg,2
/content/drive/MyDrive/Colab Notebooks/asd/happy2584.jpg,1
/content/drive/MyDrive/Colab Notebooks/asd/angry1968.jpg,0
/content/drive/MyDrive/Colab Notebooks/asd/sad4496.jpg,3
/content/drive/MyDrive/Colab Notebooks/asd/happy616.jpg,1
/content/drive/MyDrive/Colab Notebooks/asd/neutral6438.jpg,2
/content/drive/MyDrive/Colab Notebooks/asd/neutral243.jpg,2
/content/drive/MyDrive/Colab Notebooks/asd/angry4637.jpg,0
/content/drive/MyDrive/Colab Notebooks/asd/sad2740.jpg,3
/content/drive/MyDrive/Colab Notebooks/asd/sad5991.jpg,3
/content/drive/MyDrive/Colab Notebooks/asd/neutral4588.jpg,2
/content/drive/MyDrive/Colab Notebooks/asd/angry1995.jpg,0
/content/drive/MyDrive/Colab Notebooks/asd/neutral7081.jpg,2
/content/drive/MyDrive/Colab Notebooks/asd/sad3304.jpg,3
/content/drive/MyDrive/Colab Notebooks/asd/happy2545.jpg,1
/content/drive/MyDrive/Colab Notebooks/asd/angry1942.jpg,0
/content/drive/MyDrive/Colab Notebooks/asd/angry4190.jpg,0
/content/drive/MyDrive/Colab Notebooks/asd/happy2753.jpg,1
/content/drive/MyDrive/Colab Notebooks/asd/sad3112.jpg,3
/content/drive/MyDrive/Colab Notebooks/asd/neutral3740.jpg,2
/content/drive/MyDrive/Colab Notebooks/asd/neutral5457.jpg,2
/content/drive/MyDrive/Colab Notebooks/asd/neutral5319.jpg,2
/content/drive/MyDrive/Colab Notebooks/asd/sad6136.jpg,3
/content/drive/MyDrive/Colab Notebooks/asd/angry4231.jpg,0
/content/drive/MyDrive/Colab Notebooks/asd/happy2141.jpg,1
/content/drive/MyDrive/Colab Notebooks/asd/angry5852.jpg,0
/content/drive/MyDrive/Colab Notebooks/asd/neutral1023.jpg,2
/content/drive/MyDrive/Colab Notebooks/asd/happy5376.jpg,1
/content/drive/MyDrive/Colab Notebooks/asd/angry4741.jpg,0
/content/drive/MyDrive/Colab Notebooks/asd/angry343.jpg,0
/content/drive/MyDrive/Colab Notebooks/asd/angry3760.jpg,0
/content/drive/MyDrive/Colab Notebooks/asd/sad5167.jpg,3
/content/drive/MyDrive/Colab Notebooks/asd/sad2807.jpg,3
/content/drive/MyDrive/Colab Notebooks/asd/sad481.jpg,3
/content/drive/MyDrive/Colab Notebooks/asd/neutral3437.jpg,2
/content/drive/MyDrive/Colab Notebooks/asd/sad4287.jpg,3
/content/drive/MyDrive/Colab Notebooks/asd/sad5199.jpg,3
/content/drive/MyDrive/Colab Notebooks/asd/sad2190.jpg,3
/content/drive/MyDrive/Colab Notebooks/asd/angry4768.jpg,0
/content/drive/MyDrive/Colab Notebooks/asd/angry3007.jpg,0
/content/drive/MyDrive/Colab Notebooks/asd/neutral2932.jpg,2
/content/drive/MyDrive/Colab Notebooks/asd/sad2153.jpg,3
/content/drive/MyDrive/Colab Notebooks/asd/happy4531.jpg,1
/content/drive/MyDrive/Colab Notebooks/asd/angry5112.jpg,0
/content/drive/MyDrive/Colab Notebooks/asd/neutral1787.jpg,2
/content/drive/MyDrive/Colab Notebooks/asd/angry5890.jpg,0
/content/drive/MyDrive/Colab Notebooks/asd/neutral5293.jpg,2
/content/drive/MyDrive/Colab Notebooks/asd/sad3729.jpg,3
/content/drive/MyDrive/Colab Notebooks/asd/sad2437.jpg,3
/content/drive/MyDrive/Colab Notebooks/asd/happy365.jpg,1
/content/drive/MyDrive/Colab Notebooks/asd/neutral3966.jpg,2
/content/drive/MyDrive/Colab Notebooks/asd/angry5700.jpg,0
/content/drive/MyDrive/Colab Notebooks/asd/neutral1354.jpg,2
/content/drive/MyDrive/Colab Notebooks/asd/angry587.jpg,0
/content/drive/MyDrive/Colab Notebooks/asd/happy5565.jpg,1
/content/drive/MyDrive/Colab Notebooks/asd/happy2578.jpg,1
/content/drive/MyDrive/Colab Notebooks/asd/happy6751.jpg,1
/content/drive/MyDrive/Colab Notebooks/asd/sad27.jpg,3
/content/drive/MyDrive/Colab Notebooks/asd/angry6911.jpg,0
/content/drive/MyDrive/Colab Notebooks/asd/neutral3530.jpg,2
/content/drive/MyDrive/Colab Notebooks/asd/neutral2148.jpg,2
/content/drive/MyDrive/Colab Notebooks/asd/neutral3256.jpg,2
/content/drive/MyDrive/Colab Notebooks/asd/sad1039.jpg,3
/content/drive/MyDrive/Colab Notebooks/asd/angry6246.jpg,0
/content/drive/MyDrive/Colab Notebooks/asd/happy4393.jpg,1
/content/drive/MyDrive/Colab Notebooks/asd/sad4800.jpg,3
/content/drive/MyDrive/Colab Notebooks/asd/neutral7226.jpg,2
/content/drive/MyDrive/Colab Notebooks/asd/sad2295.jpg,3
/content/drive/MyDrive/Colab Notebooks/asd/happy6433.jpg,1
/content/drive/MyDrive/Colab Notebooks/asd/sad1603.jpg,3
/content/drive/MyDrive/Colab Notebooks/asd/angry5175.jpg,0
/content/drive/MyDrive/Colab Notebooks/asd/angry5161.jpg,0
/content/drive/MyDrive/Colab Notebooks/asd/sad5317.jpg,3
/content/drive/MyDrive/Colab Notebooks/asd/sad6178.jpg,3
/content/drive/MyDrive/Colab Notebooks/asd/angry6326.jpg,0
/content/drive/MyDrive/Colab Notebooks/asd/angry655.jpg,0
/content/drive/MyDrive/Colab Notebooks/asd/neutral5592.jpg,2
/content/drive/MyDrive/Colab Notebooks/asd/happy3205.jpg,1
/content/drive/MyDrive/Colab Notebooks/asd/neutral1086.jpg,2
/content/drive/MyDrive/Colab Notebooks/asd/neutral7346.jpg,2
/content/drive/MyDrive/Colab Notebooks/asd/angry2197.jpg,0
/content/drive/MyDrive/Colab Notebooks/asd/happy2325.jpg,1
/content/drive/MyDrive/Colab Notebooks/asd/happy5304.jpg,1
/content/drive/MyDrive/Colab Notebooks/asd/angry6656.jpg,0
/content/drive/MyDrive/Colab Notebooks/asd/neutral6500.jpg,2
/content/drive/MyDrive/Colab Notebooks/asd/neutral6266.jpg,2
/content/drive/MyDrive/Colab Notebooks/asd/neutral7144.jpg,2
/content/drive/MyDrive/Colab Notebooks/asd/neutral1520.jpg,2
/content/drive/MyDrive/Colab Notebooks/asd/neutral5785.jpg,2
/content/drive/MyDrive/Colab Notebooks/asd/sad5896.jpg,3
/content/drive/MyDrive/Colab Notebooks/asd/angry4732.jpg,0
/content/drive/MyDrive/Colab Notebooks/asd/angry1892.jpg,0
/content/drive/MyDrive/Colab Notebooks/asd/sad3940.jpg,3
/content/drive/MyDrive/Colab Notebooks/asd/angry697.jpg,0
/content/drive/MyDrive/Colab Notebooks/asd/angry126.jpg,0
/content/drive/MyDrive/Colab Notebooks/asd/neutral4855.jpg,2
/content/drive/MyDrive/Colab Notebooks/asd/happy2668.jpg,1
/content/drive/MyDrive/Colab Notebooks/asd/happy4219.jpg,1
/content/drive/MyDrive/Colab Notebooks/asd/angry1306.jpg,0
/content/drive/MyDrive/Colab Notebooks/asd/neutral3874.jpg,2
/content/drive/MyDrive/Colab Notebooks/asd/sad3015.jpg,3
/content/drive/MyDrive/Colab Notebooks/asd/happy4543.jpg,1
/content/drive/MyDrive/Colab Notebooks/asd/happy5926.jpg,1
/content/drive/MyDrive/Colab Notebooks/asd/sad4801.jpg,3
/content/drive/MyDrive/Colab Notebooks/asd/sad4626.jpg,3
/content/drive/MyDrive/Colab Notebooks/asd/neutral4921.jpg,2
/content/drive/MyDrive/Colab Notebooks/asd/neutral6850.jpg,2
/content/drive/MyDrive/Colab Notebooks/asd/neutral3257.jpg,2
/content/drive/MyDrive/Colab Notebooks/asd/angry4685.jpg,0
/content/drive/MyDrive/Colab Notebooks/asd/neutral7031.jpg,2
/content/drive/MyDrive/Colab Notebooks/asd/neutral583.jpg,2
/content/drive/MyDrive/Colab Notebooks/asd/neutral2607.jpg,2
/content/drive/MyDrive/Colab Notebooks/asd/angry6904.jpg,0
/content/drive/MyDrive/Colab Notebooks/asd/happy2536.jpg,1
/content/drive/MyDrive/Colab Notebooks/asd/neutral226.jpg,2
/content/drive/MyDrive/Colab Notebooks/asd/neutral540.jpg,2
/content/drive/MyDrive/Colab Notebooks/asd/angry1072.jpg,0
/content/drive/MyDrive/Colab Notebooks/asd/sad546.jpg,3
/content/drive/MyDrive/Colab Notebooks/asd/sad7311.jpg,3
/content/drive/MyDrive/Colab Notebooks/asd/sad988.jpg,3
/content/drive/MyDrive/Colab Notebooks/asd/happy4353.jpg,1
/content/drive/MyDrive/Colab Notebooks/asd/angry2037.jpg,0
/content/drive/MyDrive/Colab Notebooks/asd/neutral4076.jpg,2
/content/drive/MyDrive/Colab Notebooks/asd/happy329.jpg,1
/content/drive/MyDrive/Colab Notebooks/asd/happy5930.jpg,1
/content/drive/MyDrive/Colab Notebooks/asd/angry2976.jpg,0
/content/drive/MyDrive/Colab Notebooks/asd/neutral967.jpg,2
/content/drive/MyDrive/Colab Notebooks/asd/sad5314.jpg,3
/content/drive/MyDrive/Colab Notebooks/asd/neutral634.jpg,2
/content/drive/MyDrive/Colab Notebooks/asd/happy4555.jpg,1
/content/drive/MyDrive/Colab Notebooks/asd/neutral2598.jpg,2
/content/drive/MyDrive/Colab Notebooks/asd/sad618.jpg,3
/content/drive/MyDrive/Colab Notebooks/asd/happy2859.jpg,1
/content/drive/MyDrive/Colab Notebooks/asd/neutral6067.jpg,2
/content/drive/MyDrive/Colab Notebooks/asd/happy2865.jpg,1
/content/drive/MyDrive/Colab Notebooks/asd/angry5406.jpg,0
/content/drive/MyDrive/Colab Notebooks/asd/neutral3490.jpg,2
/content/drive/MyDrive/Colab Notebooks/asd/angry4042.jpg,0
/content/drive/MyDrive/Colab Notebooks/asd/neutral7190.jpg,2
/content/drive/MyDrive/Colab Notebooks/asd/angry1890.jpg,0
/content/drive/MyDrive/Colab Notebooks/asd/happy7276.jpg,1
/content/drive/MyDrive/Colab Notebooks/asd/sad6386.jpg,3
/content/drive/MyDrive/Colab Notebooks/asd/sad4591.jpg,3
/content/drive/MyDrive/Colab Notebooks/asd/neutral7153.jpg,2
/content/drive/MyDrive/Colab Notebooks/asd/neutral4328.jpg,2
/content/drive/MyDrive/Colab Notebooks/asd/neutral6502.jpg,2
/content/drive/MyDrive/Colab Notebooks/asd/angry6640.jpg,0
/content/drive/MyDrive/Colab Notebooks/asd/happy2455.jpg,1
/content/drive/MyDrive/Colab Notebooks/asd/sad1365.jpg,3
/content/drive/MyDrive/Colab Notebooks/asd/angry2181.jpg,0
/content/drive/MyDrive/Colab Notebooks/asd/sad4792.jpg,3
/content/drive/MyDrive/Colab Notebooks/asd/sad5329.jpg,3
/content/drive/MyDrive/Colab Notebooks/asd/happy5886.jpg,1
/content/drive/MyDrive/Colab Notebooks/asd/neutral153.jpg,2
/content/drive/MyDrive/Colab Notebooks/asd/happy6343.jpg,1
/content/drive/MyDrive/Colab Notebooks/asd/angry938.jpg,0
/content/drive/MyDrive/Colab Notebooks/asd/happy3398.jpg,1
/content/drive/MyDrive/Colab Notebooks/asd/sad5249.jpg,3
/content/drive/MyDrive/Colab Notebooks/asd/happy5702.jpg,1
/content/drive/MyDrive/Colab Notebooks/asd/neutral3917.jpg,2
/content/drive/MyDrive/Colab Notebooks/asd/happy4346.jpg,1
/content/drive/MyDrive/Colab Notebooks/asd/sad4619.jpg,3
/content/drive/MyDrive/Colab Notebooks/asd/neutral3903.jpg,2
/content/drive/MyDrive/Colab Notebooks/asd/angry4692.jpg,0
/content/drive/MyDrive/Colab Notebooks/asd/sad4433.jpg,3
/content/drive/MyDrive/Colab Notebooks/asd/neutral3297.jpg,2
/content/drive/MyDrive/Colab Notebooks/asd/angry247.jpg,0
/content/drive/MyDrive/Colab Notebooks/asd/angry4137.jpg,0
/content/drive/MyDrive/Colab Notebooks/asd/happy1028.jpg,1
/content/drive/MyDrive/Colab Notebooks/asd/angry5567.jpg,0
/content/drive/MyDrive/Colab Notebooks/asd/angry1067.jpg,0
/content/drive/MyDrive/Colab Notebooks/asd/sad19.jpg,3
/content/drive/MyDrive/Colab Notebooks/asd/happy4622.jpg,1
/content/drive/MyDrive/Colab Notebooks/asd/sad2052.jpg,3
/content/drive/MyDrive/Colab Notebooks/asd/neutral5190.jpg,2
/content/drive/MyDrive/Colab Notebooks/asd/angry2556.jpg,0
/content/drive/MyDrive/Colab Notebooks/asd/sad7116.jpg,3
/content/drive/MyDrive/Colab Notebooks/asd/sad3370.jpg,3
/content/drive/MyDrive/Colab Notebooks/asd/sad2708.jpg,3
/content/drive/MyDrive/Colab Notebooks/asd/neutral235.jpg,2
/content/drive/MyDrive/Colab Notebooks/asd/neutral3244.jpg,2
/content/drive/MyDrive/Colab Notebooks/asd/sad4392.jpg,3
/content/drive/MyDrive/Colab Notebooks/asd/angry3853.jpg,0
/content/drive/MyDrive/Colab Notebooks/asd/neutral6314.jpg,2
/content/drive/MyDrive/Colab Notebooks/asd/sad6778.jpg,3
/content/drive/MyDrive/Colab Notebooks/asd/neutral962.jpg,2
/content/drive/MyDrive/Colab Notebooks/asd/neutral3046.jpg,2
/content/drive/MyDrive/Colab Notebooks/asd/neutral1679.jpg,2
/content/drive/MyDrive/Colab Notebooks/asd/angry2152.jpg,0
/content/drive/MyDrive/Colab Notebooks/asd/happy3571.jpg,1
/content/drive/MyDrive/Colab Notebooks/asd/sad5477.jpg,3
/content/drive/MyDrive/Colab Notebooks/asd/sad6195.jpg,3
/content/drive/MyDrive/Colab Notebooks/asd/happy6384.jpg,1
/content/drive/MyDrive/Colab Notebooks/asd/neutral4113.jpg,2
/content/drive/MyDrive/Colab Notebooks/asd/happy6390.jpg,1
/content/drive/MyDrive/Colab Notebooks/asd/sad5649.jpg,3
/content/drive/MyDrive/Colab Notebooks/asd/happy2445.jpg,1
/content/drive/MyDrive/Colab Notebooks/asd/neutral4463.jpg,2
/content/drive/MyDrive/Colab Notebooks/asd/sad2872.jpg,3
/content/drive/MyDrive/Colab Notebooks/asd/sad6382.jpg,3
/content/drive/MyDrive/Colab Notebooks/asd/sad5890.jpg,3
/content/drive/MyDrive/Colab Notebooks/asd/sad807.jpg,3
/content/drive/MyDrive/Colab Notebooks/asd/sad1823.jpg,3
/content/drive/MyDrive/Colab Notebooks/asd/happy2861.jpg,1
/content/drive/MyDrive/Colab Notebooks/asd/angry7003.jpg,0
/content/drive/MyDrive/Colab Notebooks/asd/angry44.jpg,0
/content/drive/MyDrive/Colab Notebooks/asd/sad1764.jpg,3
/content/drive/MyDrive/Colab Notebooks/asd/neutral4099.jpg,2
/content/drive/MyDrive/Colab Notebooks/asd/sad4620.jpg,3
/content/drive/MyDrive/Colab Notebooks/asd/sad1758.jpg,3
/content/drive/MyDrive/Colab Notebooks/asd/happy4828.jpg,1
/content/drive/MyDrive/Colab Notebooks/asd/happy6781.jpg,1
/content/drive/MyDrive/Colab Notebooks/asd/neutral3279.jpg,2
/content/drive/MyDrive/Colab Notebooks/asd/neutral585.jpg,2
/content/drive/MyDrive/Colab Notebooks/asd/sad6584.jpg,3
/content/drive/MyDrive/Colab Notebooks/asd/sad7103.jpg,3
/content/drive/MyDrive/Colab Notebooks/asd/happy6742.jpg,1
/content/drive/MyDrive/Colab Notebooks/asd/angry1710.jpg,0
/content/drive/MyDrive/Colab Notebooks/asd/neutral208.jpg,2
/content/drive/MyDrive/Colab Notebooks/asd/angry1738.jpg,0
/content/drive/MyDrive/Colab Notebooks/asd/sad3429.jpg,3
/content/drive/MyDrive/Colab Notebooks/asd/sad1558.jpg,3
/content/drive/MyDrive/Colab Notebooks/asd/sad2079.jpg,3
/content/drive/MyDrive/Colab Notebooks/asd/neutral3521.jpg,2
/content/drive/MyDrive/Colab Notebooks/asd/neutral5150.jpg,2
/content/drive/MyDrive/Colab Notebooks/asd/neutral3938.jpg,2
/content/drive/MyDrive/Colab Notebooks/asd/happy2042.jpg,1
/content/drive/MyDrive/Colab Notebooks/asd/happy83.jpg,1
/content/drive/MyDrive/Colab Notebooks/asd/happy475.jpg,1
/content/drive/MyDrive/Colab Notebooks/asd/neutral7223.jpg,2
/content/drive/MyDrive/Colab Notebooks/asd/happy5671.jpg,1
/content/drive/MyDrive/Colab Notebooks/asd/happy4221.jpg,1
/content/drive/MyDrive/Colab Notebooks/asd/happy267.jpg,1
/content/drive/MyDrive/Colab Notebooks/asd/sad6814.jpg,3
/content/drive/MyDrive/Colab Notebooks/asd/angry2804.jpg,0
/content/drive/MyDrive/Colab Notebooks/asd/happy529.jpg,1
/content/drive/MyDrive/Colab Notebooks/asd/happy4590.jpg,1
/content/drive/MyDrive/Colab Notebooks/asd/angry4050.jpg,0
/content/drive/MyDrive/Colab Notebooks/asd/angry2435.jpg,0
/content/drive/MyDrive/Colab Notebooks/asd/angry2353.jpg,0
/content/drive/MyDrive/Colab Notebooks/asd/sad5662.jpg,3
/content/drive/MyDrive/Colab Notebooks/asd/happy6152.jpg,1
/content/drive/MyDrive/Colab Notebooks/asd/happy2320.jpg,1
/content/drive/MyDrive/Colab Notebooks/asd/happy1629.jpg,1
/content/drive/MyDrive/Colab Notebooks/asd/happy6620.jpg,1
/content/drive/MyDrive/Colab Notebooks/asd/angry4093.jpg,0
/content/drive/MyDrive/Colab Notebooks/asd/angry4939.jpg,0
/content/drive/MyDrive/Colab Notebooks/asd/neutral3469.jpg,2
/content/drive/MyDrive/Colab Notebooks/asd/neutral6511.jpg,2
/content/drive/MyDrive/Colab Notebooks/asd/neutral4460.jpg,2
/content/drive/MyDrive/Colab Notebooks/asd/neutral6262.jpg,2
/content/drive/MyDrive/Colab Notebooks/asd/happy5314.jpg,1
/content/drive/MyDrive/Colab Notebooks/asd/angry2811.jpg,0
/content/drive/MyDrive/Colab Notebooks/asd/sad4964.jpg,3
/content/drive/MyDrive/Colab Notebooks/asd/neutral1727.jpg,2
/content/drive/MyDrive/Colab Notebooks/asd/angry4284.jpg,0
/content/drive/MyDrive/Colab Notebooks/asd/angry3272.jpg,0
/content/drive/MyDrive/Colab Notebooks/asd/happy6351.jpg,1
/content/drive/MyDrive/Colab Notebooks/asd/neutral1135.jpg,2
/content/drive/MyDrive/Colab Notebooks/asd/neutral3736.jpg,2
/content/drive/MyDrive/Colab Notebooks/asd/angry5011.jpg,0
/content/drive/MyDrive/Colab Notebooks/asd/happy2057.jpg,1
/content/drive/MyDrive/Colab Notebooks/asd/sad4179.jpg,3
/content/drive/MyDrive/Colab Notebooks/asd/neutral3905.jpg,2
/content/drive/MyDrive/Colab Notebooks/asd/angry2756.jpg,0
/content/drive/MyDrive/Colab Notebooks/asd/sad5529.jpg,3
/content/drive/MyDrive/Colab Notebooks/asd/neutral1479.jpg,2
/content/drive/MyDrive/Colab Notebooks/asd/neutral2616.jpg,2
/content/drive/MyDrive/Colab Notebooks/asd/happy2282.jpg,1
/content/drive/MyDrive/Colab Notebooks/asd/neutral1337.jpg,2
/content/drive/MyDrive/Colab Notebooks/asd/happy6966.jpg,1
/content/drive/MyDrive/Colab Notebooks/asd/happy5274.jpg,1
/content/drive/MyDrive/Colab Notebooks/asd/angry2232.jpg,0
/content/drive/MyDrive/Colab Notebooks/asd/sad4353.jpg,3
/content/drive/MyDrive/Colab Notebooks/asd/angry4125.jpg,0
